Strike,IV
18.0,1.5611452806371453
19.0,1.2669012854832409
20.0,0.9831652806720139
20.5,0.9018142606246471
21.0,0.8333537752006948
21.5,0.7058799820908905
22.0,0.6212866961274296
22.5,0.5931820166334509
23.0,0.5859466346660069
23.5,0.5691432639168948
24.0,0.5906418554778023
24.5,0.6258598206717891
25.0,0.6670056481253356
25.5,0.7118648784878849
26.0,0.7616536315612494
26.5,0.8711800370417537
